{
    "name": "root",
    "gauges": {
        "AiAgents.Policy.Entropy.mean": {
            "value": 1.1064623594284058,
            "min": 1.0967185497283936,
            "max": 1.5845829248428345,
            "count": 49
        },
        "AiAgents.Policy.Entropy.sum": {
            "value": 33919.7109375,
            "min": 31958.822265625,
            "max": 51521.78125,
            "count": 49
        },
        "AiAgents.Environment.EpisodeLength.mean": {
            "value": 237.84,
            "min": 237.84,
            "max": 409.26027397260276,
            "count": 49
        },
        "AiAgents.Environment.EpisodeLength.sum": {
            "value": 29730.0,
            "min": 18723.0,
            "max": 30219.0,
            "count": 49
        },
        "AiAgents.Step.mean": {
            "value": 3029829.0,
            "min": 1589772.0,
            "max": 3029829.0,
            "count": 49
        },
        "AiAgents.Step.sum": {
            "value": 3029829.0,
            "min": 1589772.0,
            "max": 3029829.0,
            "count": 49
        },
        "AiAgents.Policy.ExtrinsicValueEstimate.mean": {
            "value": 2.7086000442504883,
            "min": 1.988462209701538,
            "max": 2.8429360389709473,
            "count": 49
        },
        "AiAgents.Policy.ExtrinsicValueEstimate.sum": {
            "value": 338.57501220703125,
            "min": 142.1468048095703,
            "max": 338.57501220703125,
            "count": 49
        },
        "AiAgents.Environment.CumulativeReward.mean": {
            "value": 4.951011386871338,
            "min": 4.4362923063729935,
            "max": 4.951011386871338,
            "count": 49
        },
        "AiAgents.Environment.CumulativeReward.sum": {
            "value": 618.8764233589172,
            "min": 237.58721208572388,
            "max": 618.8764233589172,
            "count": 49
        },
        "AiAgents.Policy.ExtrinsicReward.mean": {
            "value": 4.951011386871338,
            "min": 4.4362923063729935,
            "max": 4.951011386871338,
            "count": 49
        },
        "AiAgents.Policy.ExtrinsicReward.sum": {
            "value": 618.8764233589172,
            "min": 237.58721208572388,
            "max": 618.8764233589172,
            "count": 49
        },
        "AiAgents.IsTraining.mean": {
            "value": 1.0,
            "min": 1.0,
            "max": 1.0,
            "count": 49
        },
        "AiAgents.IsTraining.sum": {
            "value": 1.0,
            "min": 1.0,
            "max": 1.0,
            "count": 49
        },
        "AiAgents.Losses.PolicyLoss.mean": {
            "value": 0.01910880159121007,
            "min": 0.012773616212264945,
            "max": 0.020801795665950824,
            "count": 48
        },
        "AiAgents.Losses.PolicyLoss.sum": {
            "value": 0.01910880159121007,
            "min": 0.012773616212264945,
            "max": 0.039496242588696384,
            "count": 48
        },
        "AiAgents.Losses.ValueLoss.mean": {
            "value": 0.07504651198784511,
            "min": 0.06953823498139779,
            "max": 0.12134786645571391,
            "count": 48
        },
        "AiAgents.Losses.ValueLoss.sum": {
            "value": 0.07504651198784511,
            "min": 0.07191721027096112,
            "max": 0.23303377032279968,
            "count": 48
        },
        "AiAgents.Policy.LearningRate.mean": {
            "value": 4.149942902402857e-05,
            "min": 4.149942902402857e-05,
            "max": 0.0001626420886431286,
            "count": 48
        },
        "AiAgents.Policy.LearningRate.sum": {
            "value": 4.149942902402857e-05,
            "min": 4.149942902402857e-05,
            "max": 0.0003252841772862572,
            "count": 48
        },
        "AiAgents.Policy.Epsilon.mean": {
            "value": 0.1138331142857143,
            "min": 0.1138331142857143,
            "max": 0.15421401428571424,
            "count": 48
        },
        "AiAgents.Policy.Epsilon.sum": {
            "value": 0.1138331142857143,
            "min": 0.1138331142857143,
            "max": 0.3084280285714285,
            "count": 48
        },
        "AiAgents.Policy.Beta.mean": {
            "value": 0.0007002724028571429,
            "min": 0.0007002724028571429,
            "max": 0.0027152793128571422,
            "count": 48
        },
        "AiAgents.Policy.Beta.sum": {
            "value": 0.0007002724028571429,
            "min": 0.0007002724028571429,
            "max": 0.0054305586257142845,
            "count": 48
        }
    },
    "metadata": {
        "timer_format_version": "0.1.0",
        "start_time_seconds": "1738583247",
        "python_version": "3.10.12 | packaged by Anaconda, Inc. | (main, Jul  5 2023, 19:01:18) [MSC v.1916 64 bit (AMD64)]",
        "command_line_arguments": "C:\\Users\\Antonio\\.conda\\envs\\testVenv\\Scripts\\mlagents-learn AiAgents.yaml --run-id=0202 --resume",
        "mlagents_version": "1.1.0",
        "mlagents_envs_version": "1.1.0",
        "communication_protocol_version": "1.5.0",
        "pytorch_version": "2.2.2+cpu",
        "numpy_version": "1.23.5",
        "end_time_seconds": "1738589146"
    },
    "total": 5898.830331800011,
    "count": 1,
    "self": 0.004755500034661964,
    "children": {
        "run_training.setup": {
            "total": 0.05861649999860674,
            "count": 1,
            "self": 0.05861649999860674
        },
        "TrainerController.start_learning": {
            "total": 5898.7669597999775,
            "count": 1,
            "self": 0.39358618753612973,
            "children": {
                "TrainerController._reset_env": {
                    "total": 12.76707850000821,
                    "count": 1,
                    "self": 12.76707850000821
                },
                "TrainerController.advance": {
                    "total": 5885.529930612451,
                    "count": 27136,
                    "self": 0.35573070973623544,
                    "children": {
                        "env_step": {
                            "total": 5350.769388500397,
                            "count": 27136,
                            "self": 5298.010369998898,
                            "children": {
                                "SubprocessEnvManager._take_step": {
                                    "total": 52.4804747015005,
                                    "count": 27136,
                                    "self": 1.889865398814436,
                                    "children": {
                                        "TorchPolicy.evaluate": {
                                            "total": 50.59060930268606,
                                            "count": 22941,
                                            "self": 50.59060930268606
                                        }
                                    }
                                },
                                "workers": {
                                    "total": 0.27854379999917,
                                    "count": 27135,
                                    "self": 0.0,
                                    "children": {
                                        "worker_root": {
                                            "total": 5885.861671705439,
                                            "count": 27135,
                                            "is_parallel": true,
                                            "self": 641.3815052066057,
                                            "children": {
                                                "steps_from_proto": {
                                                    "total": 0.0009569000103510916,
                                                    "count": 1,
                                                    "is_parallel": true,