{"count":1,"self":1458.0867071999999,"total":2067.9976366,"children":{"InitializeActuators":{"count":32,"self":0.0015065999999999999,"total":0.0015065999999999999,"children":null},"InitializeSensors":{"count":32,"self":0.0015094,"total":0.0015094,"children":null},"AgentSendState":{"count":124123,"self":10.931705599999999,"total":28.1645847,"children":{"CollectObservations":{"count":662016,"self":1.5498313,"total":1.5498313,"children":null},"WriteActionMask":{"count":662016,"self":0.9242653999999999,"total":0.9242653999999999,"children":null},"RequestDecision":{"count":662016,"self":3.3781592,"total":14.7587823,"children":{"AgentInfo.ToProto":{"count":662016,"self":2.1888942,"total":11.380622899999999,"children":{"GenerateSensorData":{"count":662016,"self":6.8878824,"total":9.1917286999999988,"children":{"RayPerceptionSensor.Perceive":{"count":1324032,"self":2.3038464,"total":2.3038464999999997,"children":null}}}}}}}}},"DecideAction":{"count":124123,"self":526.85905919999993,"total":526.8590396,"children":null},"AgentAct":{"count":124123,"self":54.840512,"total":54.8590619,"children":{"AgentInfo.ToProto":{"count":717,"self":0.001017,"total":0.0185523,"children":{"GenerateSensorData":{"count":717,"self":0.0170325,"total":0.0175353,"children":{"RayPerceptionSensor.Perceive":{"count":1434,"self":0.0005028,"total":0.0005028,"children":null}}}}}}},"AgentInfo.ToProto":{"count":661,"self":0.0090604999999999991,"total":0.0252059,"children":{"GenerateSensorData":{"count":661,"self":0.0121386,"total":0.0161454,"children":{"RayPerceptionSensor.Perceive":{"count":1322,"self":0.0040068,"total":0.0040068,"children":null}}}}}},"gauges":{"AiAgents.CumulativeReward":{"count":1378,"max":20.0924473,"min":-12.4495087,"runningAverage":-3.63828015,"value":3.89432836,"weightedAverage":4.026642}},"metadata":{"timer_format_version":"0.1.0","start_time_seconds":"1739537658","unity_version":"6000.0.34f1","command_line_arguments":"C:\\Program Files\\Unity\\Hub\\Editor\\6000.0.34f1\\Editor\\Unity.exe -projectpath D:\\Faks\\DIPLOMSKI\\DiplomskiRad\\UnityProject\\2.5d_platformer\\2.5d_platformer -useHub -hubIPC -cloudEnvironment production","communication_protocol_version":"1.5.0","com.unity.ml-agents_version":"3.0.0","scene_name":"TrainingScene1","end_time_seconds":"1739539726"}}