{"count":1,"self":63.7205824,"total":270.993578,"children":{"InitializeActuators":{"count":36,"self":0.0042309,"total":0.0042309,"children":null},"InitializeSensors":{"count":36,"self":0.0040409,"total":0.0040409,"children":null},"AgentSendState":{"count":13124,"self":1.3339067999999998,"total":5.2907440999999995,"children":{"CollectObservations":{"count":94500,"self":0.4275052,"total":0.4275052,"children":null},"WriteActionMask":{"count":94500,"self":0.30891419999999997,"total":0.30891419999999997,"children":null},"RequestDecision":{"count":94500,"self":1.1295133,"total":3.2204178999999997,"children":{"AgentInfo.ToProto":{"count":94500,"self":0.83772189999999991,"total":2.0909046,"children":{"GenerateSensorData":{"count":94500,"self":1.2531827,"total":1.2531827,"children":null}}}}}}},"DecideAction":{"count":13124,"self":57.1152768,"total":57.115273699999996,"children":null},"AgentAct":{"count":13124,"self":144.7910272,"total":144.7950241,"children":{"AgentInfo.ToProto":{"count":72,"self":0.0029981,"total":0.0039981999999999995,"children":{"GenerateSensorData":{"count":72,"self":0.0010000999999999999,"total":0.0010000999999999999,"children":null}}}}},"AgentInfo.ToProto":{"count":1396,"self":0.026282899999999998,"total":0.062672499999999992,"children":{"GenerateSensorData":{"count":1396,"self":0.0363896,"total":0.0363896,"children":null}}}},"gauges":{"AiAgents.CumulativeReward":{"count":1468,"max":-12,"min":-9014,"runningAverage":-903.1578,"value":-310,"weightedAverage":-370.200775}},"metadata":{"timer_format_version":"0.1.0","start_time_seconds":"1725303819","unity_version":"2022.3.37f1","command_line_arguments":"C:\\Program Files\\Unity\\Hub\\Editor\\2022.3.37f1\\Editor\\Unity.exe -projectpath E:\\DIPLOMSKI\\DiplomskiRad\\UnityProject\\2.5d_platformer -useHub -hubIPC -cloudEnvironment production -licensingIpc LicenseClient-anton -hubSessionId 2d9aba9c-1923-4f05-85d3-a6630a848be4 -accessToken A6ZhORoSRucLfHSh9xqBSz4uHXmxInJ_Gl3J15KpZgo006f","communication_protocol_version":"1.5.0","com.unity.ml-agents_version":"2.0.1","scene_name":"TrainingScene","end_time_seconds":"1725304090"}}