{"count":1,"self":460.281856,"total":1674.8973979999998,"children":{"InitializeActuators":{"count":32,"self":0.0015088999999999999,"total":0.0015088999999999999,"children":null},"InitializeSensors":{"count":32,"self":0.0015088999999999999,"total":0.0015088999999999999,"children":null},"AgentSendState":{"count":131634,"self":41.652489599999996,"total":93.0336823,"children":{"CollectObservations":{"count":2106144,"self":3.5804991999999998,"total":3.5804991999999998,"children":null},"WriteActionMask":{"count":2106144,"self":2.6116968,"total":2.6116967,"children":null},"RequestDecision":{"count":2106144,"self":10.152936,"total":45.1889969,"children":{"AgentInfo.ToProto":{"count":2106144,"self":6.6855867999999994,"total":35.0360611,"children":{"GenerateSensorData":{"count":2106144,"self":21.6105952,"total":28.350474199999997,"children":{"RayPerceptionSensor.Perceive":{"count":4212288,"self":6.7398792,"total":6.7398791,"children":null}}}}}}}}},"DecideAction":{"count":131634,"self":1114.8563456,"total":1114.8563055,"children":null},"AgentAct":{"count":131634,"self":6.5350196,"total":6.5390403,"children":{"AgentInfo.ToProto":{"count":259,"self":0.0015038,"total":0.0040208,"children":{"GenerateSensorData":{"count":259,"self":0.0015126999999999999,"total":0.0025169999999999997,"children":{"RayPerceptionSensor.Perceive":{"count":518,"self":0.0010042999999999999,"total":0.0010042999999999999,"children":null}}}}}}},"AgentInfo.ToProto":{"count":5280,"self":0.05141,"total":0.18350539999999999,"children":{"GenerateSensorData":{"count":5280,"self":0.1063886,"total":0.1320954,"children":{"RayPerceptionSensor.Perceive":{"count":10560,"self":0.0257068,"total":0.0257068,"children":null}}}}}},"gauges":{"AiAgents.CumulativeReward":{"count":5539,"max":5.11989975,"min":-0.9792013,"runningAverage":4.78573,"value":5.0762,"weightedAverage":5.07990456}},"metadata":{"timer_format_version":"0.1.0","start_time_seconds":"1738107981","unity_version":"6000.0.34f1","command_line_arguments":"C:\\Program Files\\Unity\\Hub\\Editor\\6000.0.34f1\\Editor\\Unity.exe -projectpath D:\\Faks\\DIPLOMSKI\\DiplomskiRad\\UnityProject\\2.5d_platformer\\New folder -useHub -hubIPC -cloudEnvironment production","communication_protocol_version":"1.5.0","com.unity.ml-agents_version":"3.0.0","scene_name":"TrainingScene4","end_time_seconds":"1738109656"}}