{"count":1,"self":177.20597759999998,"total":750.56781549999994,"children":{"InitializeActuators":{"count":32,"self":0.002131,"total":0.002131,"children":null},"InitializeSensors":{"count":32,"self":0.0020049,"total":0.0020049,"children":null},"AgentSendState":{"count":61271,"self":19.108366399999998,"total":43.483064299999995,"children":{"CollectObservations":{"count":980352,"self":1.719816,"total":1.719816,"children":null},"WriteActionMask":{"count":980352,"self":1.2414366,"total":1.2414366,"children":null},"RequestDecision":{"count":980352,"self":4.7137312,"total":21.4134457,"children":{"AgentInfo.ToProto":{"count":980352,"self":3.2506252,"total":16.699714699999998,"children":{"GenerateSensorData":{"count":980352,"self":10.231356,"total":13.449089599999999,"children":{"RayPerceptionSensor.Perceive":{"count":1960704,"self":3.2177333999999997,"total":3.2177333999999997,"children":null}}}}}}}}},"DecideAction":{"count":61271,"self":526.4545792,"total":526.4545863,"children":null},"AgentAct":{"count":61271,"self":3.3712328,"total":3.3747577,"children":{"AgentInfo.ToProto":{"count":160,"self":0,"total":0.003525,"children":{"GenerateSensorData":{"count":160,"self":0.0025253,"total":0.003525,"children":{"RayPerceptionSensor.Perceive":{"count":320,"self":0.00099969999999999985,"total":0.00099969999999999985,"children":null}}}}}}},"AgentInfo.ToProto":{"count":1652,"self":0.0110581,"total":0.0452966,"children":{"GenerateSensorData":{"count":1652,"self":0.0267107,"total":0.0342385,"children":{"RayPerceptionSensor.Perceive":{"count":3304,"self":0.0075277999999999994,"total":0.0075277999999999994,"children":null}}}}}},"gauges":{"AiAgents.CumulativeReward":{"count":1812,"max":5.0958,"min":-10.3948059,"runningAverage":4.51009226,"value":5.0778,"weightedAverage":5.072891}},"metadata":{"timer_format_version":"0.1.0","start_time_seconds":"1738105505","unity_version":"6000.0.34f1","command_line_arguments":"C:\\Program Files\\Unity\\Hub\\Editor\\6000.0.34f1\\Editor\\Unity.exe -projectpath D:\\Faks\\DIPLOMSKI\\DiplomskiRad\\UnityProject\\2.5d_platformer\\New folder -useHub -hubIPC -cloudEnvironment production","communication_protocol_version":"1.5.0","com.unity.ml-agents_version":"3.0.0","scene_name":"TrainingScene1","end_time_seconds":"1738106255"}}