{"count":1,"self":8541.286399999999,"total":11230.0385866,"children":{"InitializeActuators":{"count":64,"self":0.0025098,"total":0.0025098,"children":null},"InitializeSensors":{"count":64,"self":0.0010049,"total":0.0010049,"children":null},"AgentSendState":{"count":436219,"self":78.9806272,"total":183.29753169999998,"children":{"CollectObservations":{"count":4653056,"self":8.9193232,"total":8.9193234999999991,"children":null},"WriteActionMask":{"count":4653056,"self":5.8296719999999995,"total":5.8296721,"children":null},"RequestDecision":{"count":4653056,"self":21.12932,"total":89.567906499999992,"children":{"AgentInfo.ToProto":{"count":4653056,"self":13.1064528,"total":68.438586,"children":{"GenerateSensorData":{"count":4653056,"self":41.495951999999996,"total":55.3321336,"children":{"RayPerceptionSensor.Perceive":{"count":9306112,"self":13.8361824,"total":13.8361824,"children":null}}}}}}}}},"DecideAction":{"count":436219,"self":2490.0016127999997,"total":2490.0015715,"children":null},"AgentAct":{"count":436219,"self":14.109907199999999,"total":14.1637223,"children":{"AgentInfo.ToProto":{"count":1727,"self":0.0098173,"total":0.0538159,"children":{"GenerateSensorData":{"count":1727,"self":0.032968,"total":0.0439986,"children":{"RayPerceptionSensor.Perceive":{"count":3454,"self":0.0110306,"total":0.0110306,"children":null}}}}}}},"AgentInfo.ToProto":{"count":38914,"self":0.37174019999999997,"total":1.2854953,"children":{"GenerateSensorData":{"count":38914,"self":0.72087479999999993,"total":0.91375509999999993,"children":{"RayPerceptionSensor.Perceive":{"count":77828,"self":0.1928803,"total":0.1928803,"children":null}}}}}},"gauges":{"AiAgents.CumulativeReward":{"count":40641,"max":5.065,"min":-10.1067009,"runningAverage":4.76223469,"value":5.0181,"weightedAverage":5.018679}},"metadata":{"timer_format_version":"0.1.0","start_time_seconds":"1738335128","unity_version":"6000.0.34f1","command_line_arguments":"C:\\Program Files\\Unity\\Hub\\Editor\\6000.0.34f1\\Editor\\Unity.exe -projectpath D:\\Faks\\DIPLOMSKI\\DiplomskiRad\\UnityProject\\2.5d_platformer\\New folder -useHub -hubIPC -cloudEnvironment production","communication_protocol_version":"1.5.0","com.unity.ml-agents_version":"3.0.0","scene_name":"TrainingScene","end_time_seconds":"1738346358"}}