{
    "name": "root",
    "gauges": {
        "AiAgents.Policy.Entropy.mean": {
            "value": 2.0248122215270996,
            "min": 2.0248122215270996,
            "max": 2.267047166824341,
            "count": 5
        },
        "AiAgents.Policy.Entropy.sum": {
            "value": 100997.6328125,
            "min": 100997.6328125,
            "max": 114939.2890625,
            "count": 5
        },
        "AiAgents.Step.mean": {
            "value": 749923.0,
            "min": 549875.0,
            "max": 749923.0,
            "count": 5
        },
        "AiAgents.Step.sum": {
            "value": 749923.0,
            "min": 549875.0,
            "max": 749923.0,
            "count": 5
        },
        "AiAgents.Policy.ExtrinsicValueEstimate.mean": {
            "value": 0.25188255310058594,
            "min": 0.12442688643932343,
            "max": 0.25188255310058594,
            "count": 5
        },
        "AiAgents.Policy.ExtrinsicValueEstimate.sum": {
            "value": 59.44428253173828,
            "min": 27.62276840209961,
            "max": 59.44428253173828,
            "count": 5
        },
        "AiAgents.Losses.PolicyLoss.mean": {
            "value": 0.09991322879018816,
            "min": 0.09478884549680133,
            "max": 0.09991322879018816,
            "count": 5
        },
        "AiAgents.Losses.PolicyLoss.sum": {
            "value": 1.198958745482258,
            "min": 1.0426773004648147,
            "max": 1.198958745482258,
            "count": 5
        },
        "AiAgents.Losses.ValueLoss.mean": {
            "value": 0.1461326666239618,
            "min": 0.10557349536136114,
            "max": 0.1461326666239618,
            "count": 5
        },
        "AiAgents.Losses.ValueLoss.sum": {
            "value": 1.7535919994875415,
            "min": 1.1613084489749725,
            "max": 1.7535919994875415,
            "count": 5
        },
        "AiAgents.Policy.LearningRate.mean": {
            "value": 1.0235263254944448e-05,
            "min": 1.0235263254944448e-05,
            "max": 8.931552477363635e-05,
            "count": 5
        },
        "AiAgents.Policy.LearningRate.sum": {
            "value": 0.00012282315905933337,
            "min": 0.00012282315905933337,
            "max": 0.0009824707725099998,
            "count": 5
        },
        "AiAgents.Policy.Epsilon.mean": {
            "value": 0.10341172222222224,
            "min": 0.10341172222222224,
            "max": 0.12977181818181818,
            "count": 5
        },
        "AiAgents.Policy.Epsilon.sum": {
            "value": 1.240940666666667,
            "min": 1.2095885333333334,
            "max": 1.4785230666666667,
            "count": 5
        },
        "AiAgents.Policy.Beta.mean": {
            "value": 0.000180244938888889,
            "min": 0.000180244938888889,
            "max": 0.0014956137272727273,
            "count": 5
        },
        "AiAgents.Policy.Beta.sum": {
            "value": 0.002162939266666668,
            "min": 0.002162939266666668,
            "max": 0.016451751,
            "count": 5
        },
        "AiAgents.Environment.EpisodeLength.mean": {
            "value": 617.3855421686746,
            "min": 617.3855421686746,
            "max": 942.9056603773585,
            "count": 5
        },
        "AiAgents.Environment.EpisodeLength.sum": {
            "value": 51243.0,
            "min": 45885.0,
            "max": 51841.0,
            "count": 5
        },
        "AiAgents.Environment.CumulativeReward.mean": {
            "value": 4.204317078238535,
            "min": 3.5097387566098144,
            "max": 4.204317078238535,
            "count": 5
        },
        "AiAgents.Environment.CumulativeReward.sum": {
            "value": 344.75400041555986,
            "min": 171.9771990738809,
            "max": 344.75400041555986,
            "count": 5
        },
        "AiAgents.Policy.ExtrinsicReward.mean": {
            "value": 4.204317078238535,
            "min": 3.5097387566098144,
            "max": 4.204317078238535,
            "count": 5
        },
        "AiAgents.Policy.ExtrinsicReward.sum": {
            "value": 344.75400041555986,
            "min": 171.9771990738809,
            "max": 344.75400041555986,
            "count": 5
        },
        "AiAgents.IsTraining.mean": {
            "value": 1.0,
            "min": 1.0,
            "max": 1.0,
            "count": 5
        },
        "AiAgents.IsTraining.sum": {
            "value": 1.0,
            "min": 1.0,
            "max": 1.0,
            "count": 5
        }
    },
    "metadata": {
        "timer_format_version": "0.1.0",
        "start_time_seconds": "1738003045",
        "python_version": "3.10.12 | packaged by Anaconda, Inc. | (main, Jul  5 2023, 19:01:18) [MSC v.1916 64 bit (AMD64)]",
        "command_line_arguments": "C:\\Users\\Antonio\\.conda\\envs\\testVenv\\Scripts\\mlagents-learn AiAgents.yaml --run-id==ModelTrain --resume",
        "mlagents_version": "1.1.0",
        "mlagents_envs_version": "1.1.0",
        "communication_protocol_version": "1.5.0",
        "pytorch_version": "2.2.2+cu121",
        "numpy_version": "1.23.5",
        "end_time_seconds": "1738003233"
    },
    "total": 188.48733939998783,
    "count": 1,
    "self": 0.004053799988469109,
    "children": {
        "run_training.setup": {
            "total": 0.05233569999109022,
            "count": 1,
            "self": 0.05233569999109022
        },
        "TrainerController.start_learning": {
            "total": 188.43094990000827,
            "count": 1,
            "self": 0.21387009756290354,
            "children": {
                "TrainerController._reset_env": {
                    "total": 10.578375000011874,
                    "count": 1,
                    "self": 10.578375000011874
                },
                "TrainerController.advance": {
                    "total": 177.51100640246295,
                    "count": 25068,
                    "self": 0.21017330084578134,
                    "children": {
                        "env_step": {
                            "total": 98.6480751990457,
                            "count": 25068,
                            "self": 81.51408760010963,
                            "children": {
                                "SubprocessEnvManager._take_step": {
                                    "total": 16.98247220000485,
                                    "count": 25068,
                                    "self": 0.6587949021777604,
                                    "children": {
                                        "TorchPolicy.evaluate": {
                                            "total": 16.32367729782709,
                                            "count": 25068,
                                            "self": 16.32367729782709
                                        }
                                    }
                                },
                                "workers": {
                                    "total": 0.1515153989312239,
                                    "count": 25068,
                                    "self": 0.0,
                                    "children": {
                                        "worker_root": {
                                            "total": 177.8524695976521,
                                            "count": 25068,
                                            "is_parallel": true,
                                            "self": 111.29009229707299,
                                            "children": {
                                                "steps_from_proto": {
                                                    "total": 0.0003961999900639057,
                                                    "count": 1,
                                                    "is_parallel": true,